	id	id_midia	id_insight	extract_date	period_extraction	year	day	definicao	value
0	1802930302709823372024523	18029303027098233	7	2024-05-23	5	2024	23	exits	12
1	18029303027098233152024523	18029303027098233	15	2024-05-23	5	2024	23	replies	1
2	18029303027098233182024523	18029303027098233	18	2024-05-23	5	2024	23	taps_forward	36
3	18029303027098233172024523	18029303027098233	17	2024-05-23	5	2024	23	taps_back	1
4	18029303027098233102024523	18029303027098233	10	2024-05-23	5	2024	23	impressions	124
5	18029303027098233142024523	18029303027098233	14	2024-05-23	5	2024	23	reach	106
6	18005273918369940142024525	18005273918369940	14	2024-05-25	5	2024	25	reach	146
7	18005273918369940162024525	18005273918369940	16	2024-05-25	5	2024	25	saved	1
8	17846370906157882142024525	17846370906157882	14	2024-05-25	5	2024	25	reach	99
9	17846370906157882162024525	17846370906157882	16	2024-05-25	5	2024	25	saved	0
10	18002752616172667142024525	18002752616172667	14	2024-05-25	5	2024	25	reach	123
11	18002752616172667162024525	18002752616172667	16	2024-05-25	5	2024	25	saved	0
12	17971594208670851142024525	17971594208670851	14	2024-05-25	5	2024	25	reach	138
13	17971594208670851162024525	17971594208670851	16	2024-05-25	5	2024	25	saved	0
14	18062694892504235142024525	18062694892504235	14	2024-05-25	5	2024	25	reach	138
15	18062694892504235162024525	18062694892504235	16	2024-05-25	5	2024	25	saved	0
16	17870243565059503142024525	17870243565059503	14	2024-05-25	5	2024	25	reach	131
17	17870243565059503162024525	17870243565059503	16	2024-05-25	5	2024	25	saved	0
18	17897388878957061142024525	17897388878957061	14	2024-05-25	5	2024	25	reach	308
19	17897388878957061162024525	17897388878957061	16	2024-05-25	5	2024	25	saved	4
20	18214911715272967182024525	18214911715272967	18	2024-05-25	5	2024	25	taps_forward	0
21	18214911715272967172024525	18214911715272967	17	2024-05-25	5	2024	25	taps_back	0
22	1821491171527296772024525	18214911715272967	7	2024-05-25	5	2024	25	exits	0
23	18214911715272967152024525	18214911715272967	15	2024-05-25	5	2024	25	replies	0
24	1821491171527296762024525	18214911715272967	6	2024-05-25	5	2024	25	engagement	7
25	18214911715272967202024525	18214911715272967	20	2024-05-25	5	2024	25	video_views	0
26	18214911715272967102024525	18214911715272967	10	2024-05-25	5	2024	25	impressions	56
27	18214911715272967142024525	18214911715272967	14	2024-05-25	5	2024	25	reach	54
28	18214911715272967162024525	18214911715272967	16	2024-05-25	5	2024	25	saved	0
29	17905338809918494142024525	17905338809918494	14	2024-05-25	5	2024	25	reach	147
30	17905338809918494162024525	17905338809918494	16	2024-05-25	5	2024	25	saved	0
31	17912491130893668182024525	17912491130893668	18	2024-05-25	5	2024	25	taps_forward	0
32	17912491130893668172024525	17912491130893668	17	2024-05-25	5	2024	25	taps_back	0
33	1791249113089366872024525	17912491130893668	7	2024-05-25	5	2024	25	exits	0
34	17912491130893668152024525	17912491130893668	15	2024-05-25	5	2024	25	replies	0
35	1791249113089366862024525	17912491130893668	6	2024-05-25	5	2024	25	engagement	7
36	17912491130893668202024525	17912491130893668	20	2024-05-25	5	2024	25	video_views	0
37	17912491130893668102024525	17912491130893668	10	2024-05-25	5	2024	25	impressions	71
38	17912491130893668142024525	17912491130893668	14	2024-05-25	5	2024	25	reach	68
39	17912491130893668162024525	17912491130893668	16	2024-05-25	5	2024	25	saved	1
40	18020750125974446182024525	18020750125974446	18	2024-05-25	5	2024	25	taps_forward	0
41	18020750125974446172024525	18020750125974446	17	2024-05-25	5	2024	25	taps_back	0
42	1802075012597444672024525	18020750125974446	7	2024-05-25	5	2024	25	exits	0
43	18020750125974446152024525	18020750125974446	15	2024-05-25	5	2024	25	replies	0
44	1802075012597444662024525	18020750125974446	6	2024-05-25	5	2024	25	engagement	8
45	18020750125974446202024525	18020750125974446	20	2024-05-25	5	2024	25	video_views	0
46	18020750125974446102024525	18020750125974446	10	2024-05-25	5	2024	25	impressions	77
47	18020750125974446142024525	18020750125974446	14	2024-05-25	5	2024	25	reach	74
48	18020750125974446162024525	18020750125974446	16	2024-05-25	5	2024	25	saved	1
49	17869447275058315182024525	17869447275058315	18	2024-05-25	5	2024	25	taps_forward	0
50	17869447275058315172024525	17869447275058315	17	2024-05-25	5	2024	25	taps_back	0
51	1786944727505831572024525	17869447275058315	7	2024-05-25	5	2024	25	exits	0
52	17869447275058315152024525	17869447275058315	15	2024-05-25	5	2024	25	replies	0
53	1786944727505831562024525	17869447275058315	6	2024-05-25	5	2024	25	engagement	7
54	17869447275058315202024525	17869447275058315	20	2024-05-25	5	2024	25	video_views	0
55	17869447275058315102024525	17869447275058315	10	2024-05-25	5	2024	25	impressions	81
56	17869447275058315142024525	17869447275058315	14	2024-05-25	5	2024	25	reach	79
57	17869447275058315162024525	17869447275058315	16	2024-05-25	5	2024	25	saved	1
58	18030343753699664142024525	18030343753699664	14	2024-05-25	5	2024	25	reach	108
59	18030343753699664162024525	18030343753699664	16	2024-05-25	5	2024	25	saved	1
60	18012618164496765182024525	18012618164496765	18	2024-05-25	5	2024	25	taps_forward	0
61	18012618164496765172024525	18012618164496765	17	2024-05-25	5	2024	25	taps_back	0
62	1801261816449676572024525	18012618164496765	7	2024-05-25	5	2024	25	exits	0
63	18012618164496765152024525	18012618164496765	15	2024-05-25	5	2024	25	replies	0
64	1801261816449676562024525	18012618164496765	6	2024-05-25	5	2024	25	engagement	9
65	18012618164496765202024525	18012618164496765	20	2024-05-25	5	2024	25	video_views	0
66	18012618164496765102024525	18012618164496765	10	2024-05-25	5	2024	25	impressions	69
67	18012618164496765142024525	18012618164496765	14	2024-05-25	5	2024	25	reach	66
68	18012618164496765162024525	18012618164496765	16	2024-05-25	5	2024	25	saved	2
69	18020150257990451182024525	18020150257990451	18	2024-05-25	5	2024	25	taps_forward	0
70	18020150257990451172024525	18020150257990451	17	2024-05-25	5	2024	25	taps_back	0
71	1802015025799045172024525	18020150257990451	7	2024-05-25	5	2024	25	exits	0
72	18020150257990451152024525	18020150257990451	15	2024-05-25	5	2024	25	replies	0
73	1802015025799045162024525	18020150257990451	6	2024-05-25	5	2024	25	engagement	6
74	18020150257990451202024525	18020150257990451	20	2024-05-25	5	2024	25	video_views	0
75	18020150257990451102024525	18020150257990451	10	2024-05-25	5	2024	25	impressions	59
76	18020150257990451142024525	18020150257990451	14	2024-05-25	5	2024	25	reach	50
77	18020150257990451162024525	18020150257990451	16	2024-05-25	5	2024	25	saved	1
78	18024592819898084182024525	18024592819898084	18	2024-05-25	5	2024	25	taps_forward	0
79	18024592819898084172024525	18024592819898084	17	2024-05-25	5	2024	25	taps_back	0
80	1802459281989808472024525	18024592819898084	7	2024-05-25	5	2024	25	exits	0
81	18024592819898084152024525	18024592819898084	15	2024-05-25	5	2024	25	replies	0
82	1802459281989808462024525	18024592819898084	6	2024-05-25	5	2024	25	engagement	20
83	18024592819898084202024525	18024592819898084	20	2024-05-25	5	2024	25	video_views	0
84	18024592819898084102024525	18024592819898084	10	2024-05-25	5	2024	25	impressions	97
85	18024592819898084142024525	18024592819898084	14	2024-05-25	5	2024	25	reach	80
86	18024592819898084162024525	18024592819898084	16	2024-05-25	5	2024	25	saved	2
87	17997324461240753182024525	17997324461240753	18	2024-05-25	5	2024	25	taps_forward	0
88	17997324461240753172024525	17997324461240753	17	2024-05-25	5	2024	25	taps_back	0
89	1799732446124075372024525	17997324461240753	7	2024-05-25	5	2024	25	exits	0
90	17997324461240753152024525	17997324461240753	15	2024-05-25	5	2024	25	replies	0
91	1799732446124075362024525	17997324461240753	6	2024-05-25	5	2024	25	engagement	8
92	17997324461240753202024525	17997324461240753	20	2024-05-25	5	2024	25	video_views	0
93	17997324461240753102024525	17997324461240753	10	2024-05-25	5	2024	25	impressions	84
94	17997324461240753142024525	17997324461240753	14	2024-05-25	5	2024	25	reach	78
95	17997324461240753162024525	17997324461240753	16	2024-05-25	5	2024	25	saved	1
96	17982183917471535182024525	17982183917471535	18	2024-05-25	5	2024	25	taps_forward	0
97	17982183917471535172024525	17982183917471535	17	2024-05-25	5	2024	25	taps_back	0
98	1798218391747153572024525	17982183917471535	7	2024-05-25	5	2024	25	exits	0
99	17982183917471535152024525	17982183917471535	15	2024-05-25	5	2024	25	replies	0
100	1798218391747153562024525	17982183917471535	6	2024-05-25	5	2024	25	engagement	8
101	17982183917471535202024525	17982183917471535	20	2024-05-25	5	2024	25	video_views	0
102	17982183917471535102024525	17982183917471535	10	2024-05-25	5	2024	25	impressions	58
103	17982183917471535142024525	17982183917471535	14	2024-05-25	5	2024	25	reach	52
104	17982183917471535162024525	17982183917471535	16	2024-05-25	5	2024	25	saved	1
105	17873173155025720142024525	17873173155025720	14	2024-05-25	5	2024	25	reach	309
106	17873173155025720162024525	17873173155025720	16	2024-05-25	5	2024	25	saved	3
107	17892179540901363182024525	17892179540901363	18	2024-05-25	5	2024	25	taps_forward	0
108	17892179540901363172024525	17892179540901363	17	2024-05-25	5	2024	25	taps_back	0
109	1789217954090136372024525	17892179540901363	7	2024-05-25	5	2024	25	exits	0
110	17892179540901363152024525	17892179540901363	15	2024-05-25	5	2024	25	replies	0
111	1789217954090136362024525	17892179540901363	6	2024-05-25	5	2024	25	engagement	4
112	17892179540901363202024525	17892179540901363	20	2024-05-25	5	2024	25	video_views	0
113	17892179540901363102024525	17892179540901363	10	2024-05-25	5	2024	25	impressions	96
114	17892179540901363142024525	17892179540901363	14	2024-05-25	5	2024	25	reach	92
115	17892179540901363162024525	17892179540901363	16	2024-05-25	5	2024	25	saved	0
116	17953225589736051182024525	17953225589736051	18	2024-05-25	5	2024	25	taps_forward	0
117	17953225589736051172024525	17953225589736051	17	2024-05-25	5	2024	25	taps_back	0
118	1795322558973605172024525	17953225589736051	7	2024-05-25	5	2024	25	exits	0
119	17953225589736051152024525	17953225589736051	15	2024-05-25	5	2024	25	replies	0
120	1795322558973605162024525	17953225589736051	6	2024-05-25	5	2024	25	engagement	14
121	17953225589736051202024525	17953225589736051	20	2024-05-25	5	2024	25	video_views	0
122	17953225589736051102024525	17953225589736051	10	2024-05-25	5	2024	25	impressions	102
123	17953225589736051142024525	17953225589736051	14	2024-05-25	5	2024	25	reach	92
124	17953225589736051162024525	17953225589736051	16	2024-05-25	5	2024	25	saved	2
125	18039366277634967182024525	18039366277634967	18	2024-05-25	5	2024	25	taps_forward	0
126	18039366277634967172024525	18039366277634967	17	2024-05-25	5	2024	25	taps_back	0
127	1803936627763496772024525	18039366277634967	7	2024-05-25	5	2024	25	exits	0
128	18039366277634967152024525	18039366277634967	15	2024-05-25	5	2024	25	replies	0
129	1803936627763496762024525	18039366277634967	6	2024-05-25	5	2024	25	engagement	6
130	18039366277634967202024525	18039366277634967	20	2024-05-25	5	2024	25	video_views	0
131	18039366277634967102024525	18039366277634967	10	2024-05-25	5	2024	25	impressions	63
132	18039366277634967142024525	18039366277634967	14	2024-05-25	5	2024	25	reach	59
133	18039366277634967162024525	18039366277634967	16	2024-05-25	5	2024	25	saved	0
134	18034865689681990182024525	18034865689681990	18	2024-05-25	5	2024	25	taps_forward	0
135	18034865689681990172024525	18034865689681990	17	2024-05-25	5	2024	25	taps_back	0
136	1803486568968199072024525	18034865689681990	7	2024-05-25	5	2024	25	exits	0
137	18034865689681990152024525	18034865689681990	15	2024-05-25	5	2024	25	replies	0
138	1803486568968199062024525	18034865689681990	6	2024-05-25	5	2024	25	engagement	7
139	18034865689681990202024525	18034865689681990	20	2024-05-25	5	2024	25	video_views	0
140	18034865689681990102024525	18034865689681990	10	2024-05-25	5	2024	25	impressions	46
141	18034865689681990142024525	18034865689681990	14	2024-05-25	5	2024	25	reach	42
142	18034865689681990162024525	18034865689681990	16	2024-05-25	5	2024	25	saved	0
143	18091892248364995182024525	18091892248364995	18	2024-05-25	5	2024	25	taps_forward	0
144	18091892248364995172024525	18091892248364995	17	2024-05-25	5	2024	25	taps_back	0
145	1809189224836499572024525	18091892248364995	7	2024-05-25	5	2024	25	exits	0
146	18091892248364995152024525	18091892248364995	15	2024-05-25	5	2024	25	replies	0
147	1809189224836499562024525	18091892248364995	6	2024-05-25	5	2024	25	engagement	5
148	18091892248364995202024525	18091892248364995	20	2024-05-25	5	2024	25	video_views	0
149	18091892248364995102024525	18091892248364995	10	2024-05-25	5	2024	25	impressions	45
150	18091892248364995142024525	18091892248364995	14	2024-05-25	5	2024	25	reach	42
151	18091892248364995162024525	18091892248364995	16	2024-05-25	5	2024	25	saved	0
152	17950801427740207182024525	17950801427740207	18	2024-05-25	5	2024	25	taps_forward	0
153	17950801427740207172024525	17950801427740207	17	2024-05-25	5	2024	25	taps_back	0
154	1795080142774020772024525	17950801427740207	7	2024-05-25	5	2024	25	exits	0
155	17950801427740207152024525	17950801427740207	15	2024-05-25	5	2024	25	replies	0
156	1795080142774020762024525	17950801427740207	6	2024-05-25	5	2024	25	engagement	11
157	17950801427740207202024525	17950801427740207	20	2024-05-25	5	2024	25	video_views	0
158	17950801427740207102024525	17950801427740207	10	2024-05-25	5	2024	25	impressions	74
159	17950801427740207142024525	17950801427740207	14	2024-05-25	5	2024	25	reach	64
160	17950801427740207162024525	17950801427740207	16	2024-05-25	5	2024	25	saved	0
161	18065695549489192182024525	18065695549489192	18	2024-05-25	5	2024	25	taps_forward	0
162	18065695549489192172024525	18065695549489192	17	2024-05-25	5	2024	25	taps_back	0
163	1806569554948919272024525	18065695549489192	7	2024-05-25	5	2024	25	exits	0
164	18065695549489192152024525	18065695549489192	15	2024-05-25	5	2024	25	replies	0
165	1806569554948919262024525	18065695549489192	6	2024-05-25	5	2024	25	engagement	9
166	18065695549489192202024525	18065695549489192	20	2024-05-25	5	2024	25	video_views	0
167	18065695549489192102024525	18065695549489192	10	2024-05-25	5	2024	25	impressions	51
168	18065695549489192142024525	18065695549489192	14	2024-05-25	5	2024	25	reach	48
169	18065695549489192162024525	18065695549489192	16	2024-05-25	5	2024	25	saved	0
170	18249982000212022182024525	18249982000212022	18	2024-05-25	5	2024	25	taps_forward	0
171	18249982000212022172024525	18249982000212022	17	2024-05-25	5	2024	25	taps_back	0
172	1824998200021202272024525	18249982000212022	7	2024-05-25	5	2024	25	exits	0
173	18249982000212022152024525	18249982000212022	15	2024-05-25	5	2024	25	replies	0
174	1824998200021202262024525	18249982000212022	6	2024-05-25	5	2024	25	engagement	6
175	18249982000212022202024525	18249982000212022	20	2024-05-25	5	2024	25	video_views	0
176	18249982000212022102024525	18249982000212022	10	2024-05-25	5	2024	25	impressions	44
177	18249982000212022142024525	18249982000212022	14	2024-05-25	5	2024	25	reach	37
178	18249982000212022162024525	18249982000212022	16	2024-05-25	5	2024	25	saved	0
179	18036597331663791182024525	18036597331663791	18	2024-05-25	5	2024	25	taps_forward	0
180	18036597331663791172024525	18036597331663791	17	2024-05-25	5	2024	25	taps_back	0
181	1803659733166379172024525	18036597331663791	7	2024-05-25	5	2024	25	exits	0
182	18036597331663791152024525	18036597331663791	15	2024-05-25	5	2024	25	replies	0
183	1803659733166379162024525	18036597331663791	6	2024-05-25	5	2024	25	engagement	5
184	18036597331663791202024525	18036597331663791	20	2024-05-25	5	2024	25	video_views	0
185	18036597331663791102024525	18036597331663791	10	2024-05-25	5	2024	25	impressions	51
186	18036597331663791142024525	18036597331663791	14	2024-05-25	5	2024	25	reach	44
187	18036597331663791162024525	18036597331663791	16	2024-05-25	5	2024	25	saved	0
188	17970826016660160182024525	17970826016660160	18	2024-05-25	5	2024	25	taps_forward	0
189	17970826016660160172024525	17970826016660160	17	2024-05-25	5	2024	25	taps_back	0
190	1797082601666016072024525	17970826016660160	7	2024-05-25	5	2024	25	exits	0
191	17970826016660160152024525	17970826016660160	15	2024-05-25	5	2024	25	replies	0
192	1797082601666016062024525	17970826016660160	6	2024-05-25	5	2024	25	engagement	4
193	17970826016660160202024525	17970826016660160	20	2024-05-25	5	2024	25	video_views	0
194	17970826016660160102024525	17970826016660160	10	2024-05-25	5	2024	25	impressions	56
195	17970826016660160142024525	17970826016660160	14	2024-05-25	5	2024	25	reach	43
196	17970826016660160162024525	17970826016660160	16	2024-05-25	5	2024	25	saved	0
197	17891122685897851182024525	17891122685897851	18	2024-05-25	5	2024	25	taps_forward	0
198	17891122685897851172024525	17891122685897851	17	2024-05-25	5	2024	25	taps_back	0
199	1789112268589785172024525	17891122685897851	7	2024-05-25	5	2024	25	exits	0
200	17891122685897851152024525	17891122685897851	15	2024-05-25	5	2024	25	replies	0
201	1789112268589785162024525	17891122685897851	6	2024-05-25	5	2024	25	engagement	11
202	17891122685897851202024525	17891122685897851	20	2024-05-25	5	2024	25	video_views	0
203	17891122685897851102024525	17891122685897851	10	2024-05-25	5	2024	25	impressions	84
204	17891122685897851142024525	17891122685897851	14	2024-05-25	5	2024	25	reach	71
205	17891122685897851162024525	17891122685897851	16	2024-05-25	5	2024	25	saved	0
206	18112975201322049182024525	18112975201322049	18	2024-05-25	5	2024	25	taps_forward	0
207	18112975201322049172024525	18112975201322049	17	2024-05-25	5	2024	25	taps_back	0
208	1811297520132204972024525	18112975201322049	7	2024-05-25	5	2024	25	exits	0
209	18112975201322049152024525	18112975201322049	15	2024-05-25	5	2024	25	replies	0
210	1811297520132204962024525	18112975201322049	6	2024-05-25	5	2024	25	engagement	10
211	18112975201322049202024525	18112975201322049	20	2024-05-25	5	2024	25	video_views	0
212	18112975201322049102024525	18112975201322049	10	2024-05-25	5	2024	25	impressions	69
213	18112975201322049142024525	18112975201322049	14	2024-05-25	5	2024	25	reach	64
214	18112975201322049162024525	18112975201322049	16	2024-05-25	5	2024	25	saved	0
215	18082369435378017182024525	18082369435378017	18	2024-05-25	5	2024	25	taps_forward	0
216	18082369435378017172024525	18082369435378017	17	2024-05-25	5	2024	25	taps_back	0
217	1808236943537801772024525	18082369435378017	7	2024-05-25	5	2024	25	exits	0
218	18082369435378017152024525	18082369435378017	15	2024-05-25	5	2024	25	replies	0
219	1808236943537801762024525	18082369435378017	6	2024-05-25	5	2024	25	engagement	7
220	18082369435378017202024525	18082369435378017	20	2024-05-25	5	2024	25	video_views	0
221	18082369435378017102024525	18082369435378017	10	2024-05-25	5	2024	25	impressions	59
222	18082369435378017142024525	18082369435378017	14	2024-05-25	5	2024	25	reach	53
223	18082369435378017162024525	18082369435378017	16	2024-05-25	5	2024	25	saved	0
224	18005906753255379182024525	18005906753255379	18	2024-05-25	5	2024	25	taps_forward	0
225	18005906753255379172024525	18005906753255379	17	2024-05-25	5	2024	25	taps_back	0
226	1800590675325537972024525	18005906753255379	7	2024-05-25	5	2024	25	exits	0
227	18005906753255379152024525	18005906753255379	15	2024-05-25	5	2024	25	replies	0
228	1800590675325537962024525	18005906753255379	6	2024-05-25	5	2024	25	engagement	9
229	18005906753255379202024525	18005906753255379	20	2024-05-25	5	2024	25	video_views	0
230	18005906753255379102024525	18005906753255379	10	2024-05-25	5	2024	25	impressions	61
231	18005906753255379142024525	18005906753255379	14	2024-05-25	5	2024	25	reach	53
232	18005906753255379162024525	18005906753255379	16	2024-05-25	5	2024	25	saved	0
233	18041914348617681182024525	18041914348617681	18	2024-05-25	5	2024	25	taps_forward	0
234	18041914348617681172024525	18041914348617681	17	2024-05-25	5	2024	25	taps_back	0
235	1804191434861768172024525	18041914348617681	7	2024-05-25	5	2024	25	exits	0
236	18041914348617681152024525	18041914348617681	15	2024-05-25	5	2024	25	replies	0
237	1804191434861768162024525	18041914348617681	6	2024-05-25	5	2024	25	engagement	14
238	18041914348617681202024525	18041914348617681	20	2024-05-25	5	2024	25	video_views	0
239	18041914348617681102024525	18041914348617681	10	2024-05-25	5	2024	25	impressions	108
240	18041914348617681142024525	18041914348617681	14	2024-05-25	5	2024	25	reach	95
241	18041914348617681162024525	18041914348617681	16	2024-05-25	5	2024	25	saved	1
242	17998872359374643182024525	17998872359374643	18	2024-05-25	5	2024	25	taps_forward	0
243	17998872359374643172024525	17998872359374643	17	2024-05-25	5	2024	25	taps_back	0
244	1799887235937464372024525	17998872359374643	7	2024-05-25	5	2024	25	exits	0
245	17998872359374643152024525	17998872359374643	15	2024-05-25	5	2024	25	replies	0
246	1799887235937464362024525	17998872359374643	6	2024-05-25	5	2024	25	engagement	12
247	17998872359374643202024525	17998872359374643	20	2024-05-25	5	2024	25	video_views	0
248	17998872359374643102024525	17998872359374643	10	2024-05-25	5	2024	25	impressions	73
249	17998872359374643142024525	17998872359374643	14	2024-05-25	5	2024	25	reach	67
250	17998872359374643162024525	17998872359374643	16	2024-05-25	5	2024	25	saved	1
251	18011278775500459182024525	18011278775500459	18	2024-05-25	5	2024	25	taps_forward	0
252	18011278775500459172024525	18011278775500459	17	2024-05-25	5	2024	25	taps_back	0
253	1801127877550045972024525	18011278775500459	7	2024-05-25	5	2024	25	exits	0
254	18011278775500459152024525	18011278775500459	15	2024-05-25	5	2024	25	replies	0
255	1801127877550045962024525	18011278775500459	6	2024-05-25	5	2024	25	engagement	11
256	18011278775500459202024525	18011278775500459	20	2024-05-25	5	2024	25	video_views	0
257	18011278775500459102024525	18011278775500459	10	2024-05-25	5	2024	25	impressions	50
258	18011278775500459142024525	18011278775500459	14	2024-05-25	5	2024	25	reach	43
259	18011278775500459162024525	18011278775500459	16	2024-05-25	5	2024	25	saved	0
260	17983677587408251182024525	17983677587408251	18	2024-05-25	5	2024	25	taps_forward	0
261	17983677587408251172024525	17983677587408251	17	2024-05-25	5	2024	25	taps_back	0
262	1798367758740825172024525	17983677587408251	7	2024-05-25	5	2024	25	exits	0
263	17983677587408251152024525	17983677587408251	15	2024-05-25	5	2024	25	replies	0
264	1798367758740825162024525	17983677587408251	6	2024-05-25	5	2024	25	engagement	19
265	17983677587408251202024525	17983677587408251	20	2024-05-25	5	2024	25	video_views	0
266	17983677587408251102024525	17983677587408251	10	2024-05-25	5	2024	25	impressions	118
267	17983677587408251142024525	17983677587408251	14	2024-05-25	5	2024	25	reach	102
268	17983677587408251162024525	17983677587408251	16	2024-05-25	5	2024	25	saved	0
269	18276264910162723182024525	18276264910162723	18	2024-05-25	5	2024	25	taps_forward	0
270	18276264910162723172024525	18276264910162723	17	2024-05-25	5	2024	25	taps_back	0
271	1827626491016272372024525	18276264910162723	7	2024-05-25	5	2024	25	exits	0
272	18276264910162723152024525	18276264910162723	15	2024-05-25	5	2024	25	replies	0
273	1827626491016272362024525	18276264910162723	6	2024-05-25	5	2024	25	engagement	21
274	18276264910162723202024525	18276264910162723	20	2024-05-25	5	2024	25	video_views	0
275	18276264910162723102024525	18276264910162723	10	2024-05-25	5	2024	25	impressions	125
276	18276264910162723142024525	18276264910162723	14	2024-05-25	5	2024	25	reach	109
277	18276264910162723162024525	18276264910162723	16	2024-05-25	5	2024	25	saved	0
278	18149116891307761182024525	18149116891307761	18	2024-05-25	5	2024	25	taps_forward	0
279	18149116891307761172024525	18149116891307761	17	2024-05-25	5	2024	25	taps_back	0
280	1814911689130776172024525	18149116891307761	7	2024-05-25	5	2024	25	exits	0
281	18149116891307761152024525	18149116891307761	15	2024-05-25	5	2024	25	replies	0
282	1814911689130776162024525	18149116891307761	6	2024-05-25	5	2024	25	engagement	9
283	18149116891307761202024525	18149116891307761	20	2024-05-25	5	2024	25	video_views	0
284	18149116891307761102024525	18149116891307761	10	2024-05-25	5	2024	25	impressions	91
285	18149116891307761142024525	18149116891307761	14	2024-05-25	5	2024	25	reach	82
286	18149116891307761162024525	18149116891307761	16	2024-05-25	5	2024	25	saved	0
287	18005078747253576182024525	18005078747253576	18	2024-05-25	5	2024	25	taps_forward	0
288	18005078747253576172024525	18005078747253576	17	2024-05-25	5	2024	25	taps_back	0
289	1800507874725357672024525	18005078747253576	7	2024-05-25	5	2024	25	exits	0
290	18005078747253576152024525	18005078747253576	15	2024-05-25	5	2024	25	replies	0
291	1800507874725357662024525	18005078747253576	6	2024-05-25	5	2024	25	engagement	17
292	18005078747253576202024525	18005078747253576	20	2024-05-25	5	2024	25	video_views	0
293	18005078747253576102024525	18005078747253576	10	2024-05-25	5	2024	25	impressions	85
294	18005078747253576142024525	18005078747253576	14	2024-05-25	5	2024	25	reach	66
295	18005078747253576162024525	18005078747253576	16	2024-05-25	5	2024	25	saved	1
296	17996237798221062182024525	17996237798221062	18	2024-05-25	5	2024	25	taps_forward	0
297	17996237798221062172024525	17996237798221062	17	2024-05-25	5	2024	25	taps_back	0
298	1799623779822106272024525	17996237798221062	7	2024-05-25	5	2024	25	exits	0
299	17996237798221062152024525	17996237798221062	15	2024-05-25	5	2024	25	replies	0
300	1799623779822106262024525	17996237798221062	6	2024-05-25	5	2024	25	engagement	15
301	17996237798221062202024525	17996237798221062	20	2024-05-25	5	2024	25	video_views	0
302	17996237798221062102024525	17996237798221062	10	2024-05-25	5	2024	25	impressions	65
303	17996237798221062142024525	17996237798221062	14	2024-05-25	5	2024	25	reach	58
304	17996237798221062162024525	17996237798221062	16	2024-05-25	5	2024	25	saved	2
305	18014754566080141182024525	18014754566080141	18	2024-05-25	5	2024	25	taps_forward	0
306	18014754566080141172024525	18014754566080141	17	2024-05-25	5	2024	25	taps_back	0
307	1801475456608014172024525	18014754566080141	7	2024-05-25	5	2024	25	exits	0
308	18014754566080141152024525	18014754566080141	15	2024-05-25	5	2024	25	replies	0
309	1801475456608014162024525	18014754566080141	6	2024-05-25	5	2024	25	engagement	22
310	18014754566080141202024525	18014754566080141	20	2024-05-25	5	2024	25	video_views	0
311	18014754566080141102024525	18014754566080141	10	2024-05-25	5	2024	25	impressions	109
312	18014754566080141142024525	18014754566080141	14	2024-05-25	5	2024	25	reach	98
313	18014754566080141162024525	18014754566080141	16	2024-05-25	5	2024	25	saved	0
314	18028826005693449182024525	18028826005693449	18	2024-05-25	5	2024	25	taps_forward	0
315	18028826005693449172024525	18028826005693449	17	2024-05-25	5	2024	25	taps_back	0
316	1802882600569344972024525	18028826005693449	7	2024-05-25	5	2024	25	exits	0
317	18028826005693449152024525	18028826005693449	15	2024-05-25	5	2024	25	replies	0
318	1802882600569344962024525	18028826005693449	6	2024-05-25	5	2024	25	engagement	10
319	18028826005693449202024525	18028826005693449	20	2024-05-25	5	2024	25	video_views	0
320	18028826005693449102024525	18028826005693449	10	2024-05-25	5	2024	25	impressions	102
321	18028826005693449142024525	18028826005693449	14	2024-05-25	5	2024	25	reach	91
322	18028826005693449162024525	18028826005693449	16	2024-05-25	5	2024	25	saved	1
323	18032981563739916182024525	18032981563739916	18	2024-05-25	5	2024	25	taps_forward	0
324	18032981563739916172024525	18032981563739916	17	2024-05-25	5	2024	25	taps_back	0
325	1803298156373991672024525	18032981563739916	7	2024-05-25	5	2024	25	exits	0
326	18032981563739916152024525	18032981563739916	15	2024-05-25	5	2024	25	replies	0
327	1803298156373991662024525	18032981563739916	6	2024-05-25	5	2024	25	engagement	27
328	18032981563739916202024525	18032981563739916	20	2024-05-25	5	2024	25	video_views	0
329	18032981563739916102024525	18032981563739916	10	2024-05-25	5	2024	25	impressions	104
330	18032981563739916142024525	18032981563739916	14	2024-05-25	5	2024	25	reach	94
331	18032981563739916162024525	18032981563739916	16	2024-05-25	5	2024	25	saved	0
332	18326579032099902182024525	18326579032099902	18	2024-05-25	5	2024	25	taps_forward	0
333	18326579032099902172024525	18326579032099902	17	2024-05-25	5	2024	25	taps_back	0
334	1832657903209990272024525	18326579032099902	7	2024-05-25	5	2024	25	exits	0
335	18326579032099902152024525	18326579032099902	15	2024-05-25	5	2024	25	replies	0
336	1832657903209990262024525	18326579032099902	6	2024-05-25	5	2024	25	engagement	5
337	18326579032099902202024525	18326579032099902	20	2024-05-25	5	2024	25	video_views	0
338	18326579032099902102024525	18326579032099902	10	2024-05-25	5	2024	25	impressions	69
339	18326579032099902142024525	18326579032099902	14	2024-05-25	5	2024	25	reach	53
340	18326579032099902162024525	18326579032099902	16	2024-05-25	5	2024	25	saved	0
341	18006275992961972182024525	18006275992961972	18	2024-05-25	5	2024	25	taps_forward	0
342	18006275992961972172024525	18006275992961972	17	2024-05-25	5	2024	25	taps_back	0
343	1800627599296197272024525	18006275992961972	7	2024-05-25	5	2024	25	exits	0
344	18006275992961972152024525	18006275992961972	15	2024-05-25	5	2024	25	replies	0
345	1800627599296197262024525	18006275992961972	6	2024-05-25	5	2024	25	engagement	3
346	18006275992961972202024525	18006275992961972	20	2024-05-25	5	2024	25	video_views	0
347	18006275992961972102024525	18006275992961972	10	2024-05-25	5	2024	25	impressions	48
348	18006275992961972142024525	18006275992961972	14	2024-05-25	5	2024	25	reach	39
349	18006275992961972162024525	18006275992961972	16	2024-05-25	5	2024	25	saved	0
350	18032597344644097182024525	18032597344644097	18	2024-05-25	5	2024	25	taps_forward	0
351	18032597344644097172024525	18032597344644097	17	2024-05-25	5	2024	25	taps_back	0
352	1803259734464409772024525	18032597344644097	7	2024-05-25	5	2024	25	exits	0
353	18032597344644097152024525	18032597344644097	15	2024-05-25	5	2024	25	replies	0
354	1803259734464409762024525	18032597344644097	6	2024-05-25	5	2024	25	engagement	3
355	18032597344644097202024525	18032597344644097	20	2024-05-25	5	2024	25	video_views	0
356	18032597344644097102024525	18032597344644097	10	2024-05-25	5	2024	25	impressions	48
357	18032597344644097142024525	18032597344644097	14	2024-05-25	5	2024	25	reach	38
358	18032597344644097162024525	18032597344644097	16	2024-05-25	5	2024	25	saved	0
359	17980478672546161182024525	17980478672546161	18	2024-05-25	5	2024	25	taps_forward	0
360	17980478672546161172024525	17980478672546161	17	2024-05-25	5	2024	25	taps_back	0
361	1798047867254616172024525	17980478672546161	7	2024-05-25	5	2024	25	exits	0
362	17980478672546161152024525	17980478672546161	15	2024-05-25	5	2024	25	replies	0
363	1798047867254616162024525	17980478672546161	6	2024-05-25	5	2024	25	engagement	11
364	17980478672546161202024525	17980478672546161	20	2024-05-25	5	2024	25	video_views	0
365	17980478672546161102024525	17980478672546161	10	2024-05-25	5	2024	25	impressions	86
366	17980478672546161142024525	17980478672546161	14	2024-05-25	5	2024	25	reach	72
367	17980478672546161162024525	17980478672546161	16	2024-05-25	5	2024	25	saved	1
368	17858799921017149142024525	17858799921017149	14	2024-05-25	5	2024	25	reach	73
369	17858799921017149162024525	17858799921017149	16	2024-05-25	5	2024	25	saved	0
370	17927529029789580142024525	17927529029789580	14	2024-05-25	5	2024	25	reach	49
371	17927529029789580162024525	17927529029789580	16	2024-05-25	5	2024	25	saved	0
372	18112835173336935142024525	18112835173336935	14	2024-05-25	5	2024	25	reach	81
373	18112835173336935162024525	18112835173336935	16	2024-05-25	5	2024	25	saved	0
374	17977771859401472182024525	17977771859401472	18	2024-05-25	5	2024	25	taps_forward	0
375	17977771859401472172024525	17977771859401472	17	2024-05-25	5	2024	25	taps_back	0
376	1797777185940147272024525	17977771859401472	7	2024-05-25	5	2024	25	exits	0
377	17977771859401472152024525	17977771859401472	15	2024-05-25	5	2024	25	replies	0
378	1797777185940147262024525	17977771859401472	6	2024-05-25	5	2024	25	engagement	28
379	17977771859401472202024525	17977771859401472	20	2024-05-25	5	2024	25	video_views	0
380	17977771859401472102024525	17977771859401472	10	2024-05-25	5	2024	25	impressions	232
381	17977771859401472142024525	17977771859401472	14	2024-05-25	5	2024	25	reach	216
382	17977771859401472162024525	17977771859401472	16	2024-05-25	5	2024	25	saved	16
383	17999631694815784182024525	17999631694815784	18	2024-05-25	5	2024	25	taps_forward	0
384	17999631694815784172024525	17999631694815784	17	2024-05-25	5	2024	25	taps_back	0
385	1799963169481578472024525	17999631694815784	7	2024-05-25	5	2024	25	exits	0
386	17999631694815784152024525	17999631694815784	15	2024-05-25	5	2024	25	replies	0
387	1799963169481578462024525	17999631694815784	6	2024-05-25	5	2024	25	engagement	394
388	17999631694815784202024525	17999631694815784	20	2024-05-25	5	2024	25	video_views	0
389	17999631694815784102024525	17999631694815784	10	2024-05-25	5	2024	25	impressions	320
390	17999631694815784142024525	17999631694815784	14	2024-05-25	5	2024	25	reach	291
391	17999631694815784162024525	17999631694815784	16	2024-05-25	5	2024	25	saved	3
392	17868068480908352182024525	17868068480908352	18	2024-05-25	5	2024	25	taps_forward	0
393	17868068480908352172024525	17868068480908352	17	2024-05-25	5	2024	25	taps_back	0
394	1786806848090835272024525	17868068480908352	7	2024-05-25	5	2024	25	exits	0
395	17868068480908352152024525	17868068480908352	15	2024-05-25	5	2024	25	replies	0
396	1786806848090835262024525	17868068480908352	6	2024-05-25	5	2024	25	engagement	166
397	17868068480908352202024525	17868068480908352	20	2024-05-25	5	2024	25	video_views	0
398	17868068480908352102024525	17868068480908352	10	2024-05-25	5	2024	25	impressions	414
399	17868068480908352142024525	17868068480908352	14	2024-05-25	5	2024	25	reach	371
400	17868068480908352162024525	17868068480908352	16	2024-05-25	5	2024	25	saved	1
401	18253789948088468142024525	18253789948088468	14	2024-05-25	5	2024	25	reach	172
402	18253789948088468162024525	18253789948088468	16	2024-05-25	5	2024	25	saved	0
403	18004555213694855182024525	18004555213694855	18	2024-05-25	5	2024	25	taps_forward	0
404	18004555213694855172024525	18004555213694855	17	2024-05-25	5	2024	25	taps_back	0
405	1800455521369485572024525	18004555213694855	7	2024-05-25	5	2024	25	exits	0
406	18004555213694855152024525	18004555213694855	15	2024-05-25	5	2024	25	replies	0
407	1800455521369485562024525	18004555213694855	6	2024-05-25	5	2024	25	engagement	159
408	18004555213694855202024525	18004555213694855	20	2024-05-25	5	2024	25	video_views	0
409	18004555213694855102024525	18004555213694855	10	2024-05-25	5	2024	25	impressions	201
410	18004555213694855142024525	18004555213694855	14	2024-05-25	5	2024	25	reach	184
411	18004555213694855162024525	18004555213694855	16	2024-05-25	5	2024	25	saved	1
412	17959106837367775182024525	17959106837367775	18	2024-05-25	5	2024	25	taps_forward	0
413	17959106837367775172024525	17959106837367775	17	2024-05-25	5	2024	25	taps_back	0
414	1795910683736777572024525	17959106837367775	7	2024-05-25	5	2024	25	exits	0
415	17959106837367775152024525	17959106837367775	15	2024-05-25	5	2024	25	replies	0
416	1795910683736777562024525	17959106837367775	6	2024-05-25	5	2024	25	engagement	379
417	17959106837367775202024525	17959106837367775	20	2024-05-25	5	2024	25	video_views	0
418	17959106837367775102024525	17959106837367775	10	2024-05-25	5	2024	25	impressions	205
419	17959106837367775142024525	17959106837367775	14	2024-05-25	5	2024	25	reach	183
420	17959106837367775162024525	17959106837367775	16	2024-05-25	5	2024	25	saved	2
421	17931493511666511142024525	17931493511666511	14	2024-05-25	5	2024	25	reach	317
422	17931493511666511162024525	17931493511666511	16	2024-05-25	5	2024	25	saved	0
423	17905789424688961142024525	17905789424688961	14	2024-05-25	5	2024	25	reach	227
424	17905789424688961162024525	17905789424688961	16	2024-05-25	5	2024	25	saved	0
425	18071375392367766182024525	18071375392367766	18	2024-05-25	5	2024	25	taps_forward	0
426	18071375392367766172024525	18071375392367766	17	2024-05-25	5	2024	25	taps_back	0
427	1807137539236776672024525	18071375392367766	7	2024-05-25	5	2024	25	exits	0
428	18071375392367766152024525	18071375392367766	15	2024-05-25	5	2024	25	replies	0
429	1807137539236776662024525	18071375392367766	6	2024-05-25	5	2024	25	engagement	171
430	18071375392367766202024525	18071375392367766	20	2024-05-25	5	2024	25	video_views	0
431	18071375392367766102024525	18071375392367766	10	2024-05-25	5	2024	25	impressions	157
432	18071375392367766142024525	18071375392367766	14	2024-05-25	5	2024	25	reach	142
433	18071375392367766162024525	18071375392367766	16	2024-05-25	5	2024	25	saved	1
434	17981861483060238182024525	17981861483060238	18	2024-05-25	5	2024	25	taps_forward	0
435	17981861483060238172024525	17981861483060238	17	2024-05-25	5	2024	25	taps_back	0
436	1798186148306023872024525	17981861483060238	7	2024-05-25	5	2024	25	exits	0
437	17981861483060238152024525	17981861483060238	15	2024-05-25	5	2024	25	replies	0
438	1798186148306023862024525	17981861483060238	6	2024-05-25	5	2024	25	engagement	7
439	17981861483060238202024525	17981861483060238	20	2024-05-25	5	2024	25	video_views	0
440	17981861483060238102024525	17981861483060238	10	2024-05-25	5	2024	25	impressions	161
441	17981861483060238142024525	17981861483060238	14	2024-05-25	5	2024	25	reach	142
442	17981861483060238162024525	17981861483060238	16	2024-05-25	5	2024	25	saved	0
443	18056375083389968182024525	18056375083389968	18	2024-05-25	5	2024	25	taps_forward	0
444	18056375083389968172024525	18056375083389968	17	2024-05-25	5	2024	25	taps_back	0
445	1805637508338996872024525	18056375083389968	7	2024-05-25	5	2024	25	exits	0
446	18056375083389968152024525	18056375083389968	15	2024-05-25	5	2024	25	replies	0
447	1805637508338996862024525	18056375083389968	6	2024-05-25	5	2024	25	engagement	11
448	18056375083389968202024525	18056375083389968	20	2024-05-25	5	2024	25	video_views	0
449	18056375083389968102024525	18056375083389968	10	2024-05-25	5	2024	25	impressions	103
450	18056375083389968142024525	18056375083389968	14	2024-05-25	5	2024	25	reach	98
451	18056375083389968162024525	18056375083389968	16	2024-05-25	5	2024	25	saved	1
452	17962949372126268182024525	17962949372126268	18	2024-05-25	5	2024	25	taps_forward	0
453	17962949372126268172024525	17962949372126268	17	2024-05-25	5	2024	25	taps_back	0
454	1796294937212626872024525	17962949372126268	7	2024-05-25	5	2024	25	exits	0
455	17962949372126268152024525	17962949372126268	15	2024-05-25	5	2024	25	replies	0
456	1796294937212626862024525	17962949372126268	6	2024-05-25	5	2024	25	engagement	142
457	17962949372126268202024525	17962949372126268	20	2024-05-25	5	2024	25	video_views	0
458	17962949372126268102024525	17962949372126268	10	2024-05-25	5	2024	25	impressions	161
459	17962949372126268142024525	17962949372126268	14	2024-05-25	5	2024	25	reach	144
460	17962949372126268162024525	17962949372126268	16	2024-05-25	5	2024	25	saved	0
461	17859108473899553182024525	17859108473899553	18	2024-05-25	5	2024	25	taps_forward	0
462	17859108473899553172024525	17859108473899553	17	2024-05-25	5	2024	25	taps_back	0
463	1785910847389955372024525	17859108473899553	7	2024-05-25	5	2024	25	exits	0
464	17859108473899553152024525	17859108473899553	15	2024-05-25	5	2024	25	replies	0
465	1785910847389955362024525	17859108473899553	6	2024-05-25	5	2024	25	engagement	9
466	17859108473899553202024525	17859108473899553	20	2024-05-25	5	2024	25	video_views	0
467	17859108473899553102024525	17859108473899553	10	2024-05-25	5	2024	25	impressions	168
468	17859108473899553142024525	17859108473899553	14	2024-05-25	5	2024	25	reach	151
469	17859108473899553162024525	17859108473899553	16	2024-05-25	5	2024	25	saved	0
